#{"t_start": 1709296557.2677073, "env_id": "CartPole-v1"}
r,l,t
29.0,29,0.647543
16.0,16,0.774476
23.0,23,0.866824
35.0,35,0.957338
29.0,29,1.050093
27.0,27,1.068514
28.0,28,1.158327
65.0,65,1.348168
201.0,201,1.963507
