#{"t_start": 1709296557.2700474, "env_id": "CartPole-v1"}
r,l,t
19.0,19,0.637053
9.0,9,0.644444
12.0,12,0.768663
76.0,76,0.963347
17.0,17,1.048439
17.0,17,1.061085
30.0,30,1.151617
36.0,36,1.247876
28.0,28,1.340358
